resident_id,incarceration_date,release_date,county,county_id,facil_id
doc_01266,2015-01-03,2017-02-25,Wright,7,SWSCF
doc_01235,2015-01-04,2016-07-01,Orleans,6,WSCF
doc_00423,2015-01-06,2016-05-31,Orleans,6,ESCF
doc_01229,2015-01-10,2017-09-17,Orleans,6,ESCF
doc_00804,2015-01-12,2018-08-01,Adams,4,WSCF
doc_00381,2015-01-14,2016-06-16,Madison,5,SWSCF
doc_01209,2015-01-16,2016-06-30,Wright,7,WSCF
doc_00611,2015-01-22,2017-11-13,Madison,5,ESCF
doc_00766,2015-01-23,2017-12-08,Jefferson,3,NSCF
doc_01140,2015-01-25,2018-02-12,Wright,7,NSCF
doc_01326,2015-01-30,2018-03-27,Orleans,6,SWSCF
doc_00266,2015-01-31,2018-03-26,Hamilton,2,WSCF
doc_00294,2015-02-07,2018-04-22,Hamilton,2,WSCF
doc_00837,2015-02-08,2016-06-24,Orleans,6,WSCF
doc_00617,2015-02-14,2017-09-15,Jefferson,3,NSCF
doc_00577,2015-02-16,2018-03-01,Washington,1,WSCF
doc_00541,2015-02-23,2018-11-04,Adams,4,NSCF
doc_00604,2015-02-24,2018-06-14,Wright,7,WSCF
doc_00280,2015-02-26,2016-12-01,Orleans,6,ESCF
doc_00152,2015-02-27,2017-11-27,Adams,4,ESCF
doc_00584,2015-03-02,2018-10-20,Wright,7,WSCF
doc_00900,2015-03-03,2017-06-09,Adams,4,NSCF
doc_00576,2015-03-06,2017-06-24,Washington,1,ESCF
doc_00503,2015-03-06,2017-08-11,Orleans,6,NSCF
doc_00756,2015-03-07,2016-08-22,Washington,1,WSCF
doc_00941,2015-03-12,2018-08-01,Orleans,6,NSCF
doc_01397,2015-03-21,2017-04-22,Orleans,6,ESCF
doc_00004,2015-03-24,2017-06-09,Orleans,6,WSCF
doc_00840,2015-03-29,2017-08-24,Washington,1,WSCF
doc_00342,2015-03-31,2018-11-29,Adams,4,SWSCF
doc_00893,2015-04-04,2018-10-03,Jefferson,3,WSCF
doc_01248,2015-04-07,2017-10-25,Madison,5,NSCF
doc_00185,2015-04-12,2017-12-12,Madison,5,WSCF
doc_00685,2015-04-16,2017-07-13,Orleans,6,NSCF
doc_00195,2015-04-20,2017-06-08,Hamilton,2,WSCF
doc_00722,2015-04-24,2017-09-30,Madison,5,ESCF
doc_00360,2015-04-27,2016-06-05,Jefferson,3,ESCF
doc_01237,2015-04-30,2016-10-27,Wright,7,ESCF
doc_01392,2015-05-09,2017-07-21,Orleans,6,NSCF
doc_01119,2015-05-10,2018-04-26,Adams,4,WSCF
doc_01128,2015-05-17,2018-01-02,Wright,7,NSCF
doc_00593,2015-05-19,2017-10-15,Washington,1,ESCF
doc_00097,2015-05-24,2017-06-29,Madison,5,NSCF
doc_00130,2015-05-24,2018-05-18,Orleans,6,SWSCF
doc_01154,2015-05-28,2017-07-20,Orleans,6,SWSCF
doc_00099,2015-06-03,2017-12-09,Wright,7,WSCF
doc_00600,2015-06-05,2018-01-15,Wright,7,WSCF
doc_01110,2015-06-08,2018-01-10,Madison,5,WSCF
doc_01280,2015-06-10,2017-07-13,Wright,7,WSCF
doc_00030,2015-06-11,2018-12-31,Orleans,6,WSCF
doc_00421,2015-06-18,2017-04-01,Adams,4,NSCF
doc_01001,2015-06-25,2017-09-21,Hamilton,2,NSCF
doc_01225,2015-06-25,2018-12-03,Wright,7,NSCF
doc_00334,2015-06-29,2017-02-21,Madison,5,WSCF
doc_00413,2015-06-29,2017-08-29,Adams,4,ESCF
doc_00075,2015-06-29,2019-03-06,Adams,4,WSCF
doc_00352,2015-06-30,2018-07-02,Orleans,6,WSCF
doc_01084,2015-07-01,2016-10-09,Wright,7,SWSCF
doc_01015,2015-07-16,2018-07-18,Madison,5,WSCF
doc_00145,2015-07-16,2018-10-08,Adams,4,ESCF
doc_01058,2015-07-19,2017-01-07,Washington,1,ESCF
doc_00936,2015-08-08,2017-11-23,Adams,4,NSCF
doc_01351,2015-08-10,2017-08-28,Orleans,6,WSCF
doc_00278,2015-08-11,2017-07-31,Jefferson,3,SWSCF
doc_01095,2015-08-12,2016-10-24,Adams,4,SWSCF
doc_00235,2015-08-12,2017-04-11,Jefferson,3,ESCF
doc_01371,2015-08-17,2018-02-07,Adams,4,NSCF
doc_01215,2015-08-17,2019-01-16,Hamilton,2,WSCF
doc_00397,2015-08-27,2017-01-25,Jefferson,3,NSCF
doc_00998,2015-09-04,2018-06-15,Wright,7,NSCF
doc_01070,2015-09-10,2016-11-28,Madison,5,ESCF
doc_00969,2015-09-11,2018-01-30,Jefferson,3,NSCF
doc_00524,2015-09-11,2018-06-21,Madison,5,ESCF
doc_00083,2015-09-14,2017-06-17,Madison,5,NSCF
doc_00612,2015-09-15,2017-05-18,Hamilton,2,ESCF
doc_00758,2015-09-15,2018-04-15,Adams,4,NSCF
doc_01263,2015-09-16,2017-02-15,Jefferson,3,ESCF
doc_00272,2015-09-19,2017-05-30,Orleans,6,NSCF
doc_00429,2015-09-25,2019-01-25,Washington,1,SWSCF
doc_00636,2015-09-26,2017-01-04,Hamilton,2,NSCF
doc_00809,2015-09-26,2017-07-19,Jefferson,3,ESCF
doc_00678,2015-09-27,2018-08-27,Hamilton,2,ESCF
doc_01293,2015-09-28,2019-05-05,Washington,1,NSCF
doc_01375,2015-10-01,2018-03-23,Washington,1,ESCF
doc_01041,2015-10-04,2018-07-31,Madison,5,WSCF
doc_00151,2015-10-05,2018-11-11,Jefferson,3,WSCF
doc_01046,2015-10-13,2017-02-09,Madison,5,WSCF
doc_00664,2015-10-18,2017-08-29,Jefferson,3,NSCF
doc_00642,2015-10-18,2017-11-19,Wright,7,WSCF
doc_01073,2015-10-18,2018-01-02,Orleans,6,NSCF
doc_00012,2015-10-24,2018-12-09,Washington,1,WSCF
doc_00443,2015-10-28,2017-03-04,Jefferson,3,WSCF
doc_00814,2015-10-28,2018-01-25,Washington,1,SWSCF
doc_00670,2015-11-07,2019-03-26,Madison,5,ESCF
doc_01260,2015-11-13,2016-12-13,Jefferson,3,SWSCF
doc_00399,2015-11-15,2018-08-31,Washington,1,WSCF
doc_00333,2015-11-21,2016-12-16,Adams,4,SWSCF
doc_00174,2015-11-23,2018-01-18,Wright,7,SWSCF
doc_00628,2015-11-26,2017-09-19,Adams,4,ESCF
doc_00189,2015-11-27,2018-04-28,Washington,1,ESCF
doc_00699,2015-11-28,2018-05-20,Orleans,6,WSCF
doc_00437,2015-12-05,2017-08-04,Wright,7,SWSCF
doc_01327,2015-12-08,2017-01-03,Hamilton,2,ESCF
doc_00200,2015-12-08,2019-06-02,Wright,7,ESCF
doc_00655,2015-12-09,2018-01-13,Hamilton,2,WSCF
doc_00637,2015-12-12,2018-05-13,Washington,1,NSCF
doc_01355,2015-12-23,2019-05-30,Orleans,6,NSCF
doc_01298,2016-01-01,2017-11-11,Washington,1,NSCF
doc_00265,2016-01-10,2017-08-30,Hamilton,2,SWSCF
doc_00142,2016-01-11,2017-04-16,Orleans,6,NSCF
doc_00821,2016-01-11,2018-07-01,Jefferson,3,NSCF
doc_00559,2016-01-12,2018-08-11,Jefferson,3,WSCF
doc_00061,2016-01-13,2017-05-04,Jefferson,3,WSCF
doc_00149,2016-01-15,2017-09-26,Madison,5,WSCF
doc_00106,2016-01-16,2018-08-22,Washington,1,NSCF
doc_00791,2016-01-17,2017-06-17,Madison,5,ESCF
doc_01252,2016-01-19,2018-01-21,Madison,5,SWSCF
doc_00164,2016-01-22,2018-04-07,Madison,5,NSCF
doc_01230,2016-01-23,2019-10-03,Hamilton,2,SWSCF
doc_00378,2016-01-24,2017-08-07,Jefferson,3,WSCF
doc_00618,2016-01-27,2019-06-27,Hamilton,2,SWSCF
doc_00008,2016-02-02,2017-11-20,Madison,5,SWSCF
doc_00343,2016-02-05,2018-07-31,Washington,1,NSCF
doc_00573,2016-02-06,2018-09-02,Wright,7,NSCF
doc_00938,2016-02-07,2019-04-14,Washington,1,WSCF
doc_00852,2016-02-11,2019-05-01,Madison,5,ESCF
doc_00881,2016-02-16,2018-11-24,Madison,5,WSCF
doc_00303,2016-02-25,2018-04-17,Washington,1,ESCF
doc_01317,2016-03-01,2017-12-22,Wright,7,SWSCF
doc_00719,2016-03-04,2019-01-20,Hamilton,2,NSCF
doc_00874,2016-03-08,2018-11-22,Adams,4,ESCF
doc_01324,2016-03-08,2019-06-13,Orleans,6,SWSCF
doc_00887,2016-03-14,2017-07-25,Wright,7,NSCF
doc_00452,2016-03-20,2017-06-08,Washington,1,SWSCF
doc_00569,2016-03-25,2018-04-02,Adams,4,NSCF
doc_00515,2016-04-14,2019-02-12,Jefferson,3,ESCF
doc_00667,2016-04-19,2018-06-27,Washington,1,WSCF
doc_00666,2016-04-19,2019-01-01,Madison,5,WSCF
doc_00293,2016-04-21,2018-10-29,Jefferson,3,SWSCF
doc_01336,2016-04-21,2018-12-09,Madison,5,SWSCF
doc_00986,2016-04-25,2017-08-28,Orleans,6,WSCF
doc_00915,2016-04-29,2018-02-21,Hamilton,2,ESCF
doc_01034,2016-04-30,2017-05-23,Washington,1,ESCF
doc_01057,2016-05-04,2018-07-16,Wright,7,WSCF
doc_01177,2016-05-05,2019-08-13,Orleans,6,NSCF
doc_00309,2016-05-08,2017-09-11,Madison,5,SWSCF
doc_01311,2016-05-10,2019-09-01,Adams,4,ESCF
doc_00460,2016-05-14,2018-04-07,Washington,1,ESCF
doc_00572,2016-05-16,2018-10-09,Adams,4,ESCF
doc_00997,2016-05-19,2018-10-22,Adams,4,SWSCF
doc_01075,2016-05-28,2017-09-28,Hamilton,2,NSCF
doc_00570,2016-06-03,2018-09-16,Adams,4,ESCF
doc_00013,2016-06-08,2019-09-03,Madison,5,NSCF
doc_00095,2016-06-09,2019-11-15,Jefferson,3,NSCF
doc_00527,2016-06-11,2017-10-23,Washington,1,ESCF
doc_00787,2016-06-20,2019-04-26,Hamilton,2,WSCF
doc_00491,2016-06-21,2017-12-08,Adams,4,SWSCF
doc_01132,2016-06-22,2018-05-01,Washington,1,ESCF
doc_00903,2016-06-23,2020-02-29,Orleans,6,NSCF
doc_00816,2016-06-25,2018-01-18,Orleans,6,WSCF
doc_01369,2016-06-27,2020-02-10,Adams,4,ESCF
doc_00761,2016-07-02,2017-09-02,Orleans,6,SWSCF
doc_00640,2016-07-05,2019-12-08,Orleans,6,ESCF
doc_00581,2016-07-07,2017-10-12,Orleans,6,SWSCF
doc_00136,2016-07-07,2017-11-10,Hamilton,2,NSCF
doc_00748,2016-07-08,2018-12-17,Orleans,6,WSCF
doc_00817,2016-07-10,2019-01-03,Adams,4,WSCF
doc_01164,2016-07-15,2017-08-05,Washington,1,WSCF
doc_00194,2016-07-17,2019-08-27,Adams,4,WSCF
doc_00856,2016-07-22,2017-08-08,Hamilton,2,SWSCF
doc_00682,2016-07-22,2019-04-28,Adams,4,SWSCF
doc_01102,2016-07-25,2017-09-30,Jefferson,3,WSCF
doc_01313,2016-07-27,2019-02-17,Washington,1,NSCF
doc_00956,2016-08-02,2019-03-27,Jefferson,3,SWSCF
doc_00504,2016-08-08,2019-03-31,Adams,4,WSCF
doc_01067,2016-08-10,2020-01-19,Adams,4,WSCF
doc_00645,2016-08-15,2018-09-09,Jefferson,3,ESCF
doc_00830,2016-08-15,2019-01-09,Washington,1,NSCF
doc_00613,2016-08-18,2019-07-17,Washington,1,ESCF
doc_00949,2016-08-28,2019-02-03,Madison,5,SWSCF
doc_00827,2016-08-28,2019-02-24,Wright,7,NSCF
doc_00067,2016-09-03,2018-03-14,Madison,5,ESCF
doc_01175,2016-09-03,2019-08-15,Orleans,6,NSCF
doc_01244,2016-09-10,2017-12-16,Jefferson,3,NSCF
doc_00567,2016-09-11,2017-09-27,Madison,5,SWSCF
doc_00323,2016-09-13,2019-03-11,Madison,5,SWSCF
doc_00914,2016-09-15,2019-06-23,Madison,5,WSCF
doc_00201,2016-09-17,2019-03-16,Jefferson,3,ESCF
doc_00069,2016-09-18,2020-05-30,Jefferson,3,NSCF
doc_01335,2016-09-22,2018-10-15,Madison,5,ESCF
doc_00994,2016-09-22,2019-04-10,Madison,5,NSCF
doc_01079,2016-09-24,2019-09-10,Adams,4,WSCF
doc_01299,2016-09-30,2018-06-27,Madison,5,WSCF
doc_00795,2016-10-01,2018-03-17,Wright,7,ESCF
doc_00254,2016-10-08,2019-06-06,Jefferson,3,ESCF
doc_00256,2016-10-08,2019-06-22,Wright,7,WSCF
doc_01180,2016-10-09,2018-09-06,Adams,4,NSCF
doc_01078,2016-10-10,2017-10-29,Hamilton,2,NSCF
doc_00695,2016-10-20,2019-11-06,Washington,1,ESCF
doc_01047,2016-10-31,2018-12-23,Madison,5,ESCF
doc_00467,2016-11-03,2020-07-15,Orleans,6,ESCF
doc_00955,2016-11-07,2019-08-13,Orleans,6,NSCF
doc_01162,2016-11-09,2019-04-08,Washington,1,SWSCF
doc_00532,2016-11-17,2018-02-01,Jefferson,3,SWSCF
doc_01216,2016-11-19,2019-01-07,Orleans,6,NSCF
doc_00322,2016-11-28,2020-06-25,Jefferson,3,WSCF
doc_00183,2016-12-07,2018-03-13,Orleans,6,WSCF
doc_01050,2016-12-09,2018-01-03,Jefferson,3,ESCF
doc_00669,2016-12-13,2020-06-13,Jefferson,3,NSCF
doc_01088,2016-12-14,2018-05-03,Madison,5,NSCF
doc_01106,2016-12-16,2018-01-12,Washington,1,SWSCF
doc_01399,2016-12-18,2020-01-18,Washington,1,ESCF
doc_00364,2016-12-23,2020-03-22,Washington,1,ESCF
doc_00282,2016-12-24,2020-06-03,Wright,7,NSCF
doc_01204,2016-12-25,2019-11-12,Madison,5,ESCF
doc_00693,2017-01-01,2018-07-20,Hamilton,2,WSCF
doc_00509,2017-01-18,2020-07-24,Madison,5,WSCF
doc_00484,2017-01-23,2020-07-25,Hamilton,2,WSCF
doc_00001,2017-02-04,2018-02-27,Hamilton,2,NSCF
doc_00650,2017-02-04,2020-04-11,Madison,5,WSCF
doc_00384,2017-02-10,2019-06-18,Madison,5,ESCF
doc_00768,2017-02-10,2019-12-05,Madison,5,WSCF
doc_00203,2017-02-13,2020-09-01,Wright,7,WSCF
doc_01247,2017-02-15,2020-09-16,Washington,1,WSCF
doc_00757,2017-02-17,2019-09-12,Orleans,6,ESCF
doc_00455,2017-02-20,2019-11-28,Adams,4,ESCF
doc_01107,2017-02-22,2020-05-16,Washington,1,WSCF
doc_01026,2017-02-25,2020-04-21,Orleans,6,ESCF
doc_00227,2017-02-26,2020-11-06,Orleans,6,WSCF
doc_00706,2017-03-10,2018-08-10,Washington,1,ESCF
doc_01101,2017-03-12,2020-05-03,Adams,4,SWSCF
doc_00688,2017-03-17,2019-10-21,Orleans,6,NSCF
doc_00784,2017-03-18,2020-10-23,Jefferson,3,WSCF
doc_00623,2017-03-21,2020-06-01,Hamilton,2,NSCF
doc_00144,2017-03-26,2020-10-28,Orleans,6,ESCF
doc_00845,2017-03-27,2019-05-02,Washington,1,ESCF
doc_01123,2017-03-28,2019-07-08,Hamilton,2,WSCF
doc_00683,2017-04-01,2018-04-08,Hamilton,2,ESCF
doc_00220,2017-04-03,2018-12-22,Washington,1,NSCF
doc_00454,2017-04-03,2020-05-23,Orleans,6,ESCF
doc_00624,2017-04-04,2019-03-11,Adams,4,ESCF
doc_00391,2017-04-04,2020-06-29,Adams,4,ESCF
doc_00886,2017-04-05,2020-07-09,Orleans,6,NSCF
doc_00124,2017-04-06,2020-06-20,Adams,4,WSCF
doc_01114,2017-04-13,2018-08-21,Washington,1,ESCF
doc_01174,2017-04-20,2020-10-21,Orleans,6,SWSCF
doc_01226,2017-04-22,2020-02-23,Adams,4,ESCF
doc_00908,2017-04-25,2019-05-08,Madison,5,SWSCF
doc_00128,2017-04-26,2020-02-06,Hamilton,2,NSCF
doc_00218,2017-04-29,2019-06-25,Hamilton,2,SWSCF
doc_00295,2017-05-01,2020-05-13,Madison,5,SWSCF
doc_00510,2017-05-02,2019-07-14,Washington,1,NSCF
doc_00440,2017-05-03,2018-06-24,Madison,5,SWSCF
doc_00671,2017-05-07,2018-09-02,Wright,7,WSCF
doc_00169,2017-05-09,2020-03-28,Adams,4,WSCF
doc_00354,2017-05-13,2019-01-09,Jefferson,3,NSCF
doc_01235,2017-05-19,NA,Madison,5,WSCF
doc_00007,2017-05-22,2018-12-05,Hamilton,2,ESCF
doc_00658,2017-05-23,2020-06-20,Jefferson,3,WSCF
doc_01315,2017-05-25,2020-01-07,Orleans,6,SWSCF
doc_01074,2017-05-31,2019-03-30,Madison,5,SWSCF
doc_00465,2017-06-01,2019-02-14,Hamilton,2,NSCF
doc_01158,2017-06-07,2018-11-18,Jefferson,3,WSCF
doc_00892,2017-06-07,2020-07-04,Orleans,6,NSCF
doc_01357,2017-06-12,2020-12-21,Adams,4,SWSCF
doc_01043,2017-06-13,2019-05-06,Hamilton,2,WSCF
doc_00773,2017-06-15,2021-01-07,Wright,7,SWSCF
doc_00958,2017-06-18,2019-10-28,Orleans,6,ESCF
doc_00728,2017-06-19,2021-01-13,Hamilton,2,ESCF
doc_00771,2017-06-19,2021-02-19,Washington,1,WSCF
doc_00627,2017-06-24,2018-11-12,Jefferson,3,WSCF
doc_00647,2017-06-30,2019-07-24,Adams,4,ESCF
doc_00739,2017-07-04,2020-01-30,Wright,7,ESCF
doc_00055,2017-07-06,2021-01-18,Jefferson,3,ESCF
doc_00288,2017-07-11,2020-05-17,Washington,1,NSCF
doc_00939,2017-07-12,2019-04-02,Washington,1,NSCF
doc_01071,2017-07-17,2020-04-01,Washington,1,SWSCF
doc_01115,2017-07-19,2020-04-11,Adams,4,NSCF
doc_01304,2017-07-19,2020-04-18,Adams,4,ESCF
doc_00249,2017-07-22,2019-10-03,Madison,5,NSCF
doc_01221,2017-08-05,2018-09-01,Wright,7,NSCF
doc_00910,2017-08-12,2018-10-09,Hamilton,2,NSCF
doc_00147,2017-08-17,2020-11-30,Madison,5,SWSCF
doc_00708,2017-08-22,2019-09-02,Hamilton,2,ESCF
doc_00387,2017-08-23,2018-09-18,Washington,1,NSCF
doc_00441,2017-08-27,2018-10-28,Madison,5,ESCF
doc_01111,2017-09-03,2019-06-17,Hamilton,2,WSCF
doc_00727,2017-09-06,2018-12-27,Orleans,6,ESCF
doc_00423,2017-09-08,NA,Madison,5,NSCF
doc_01386,2017-09-17,2019-12-10,Wright,7,SWSCF
doc_00571,2017-09-18,2020-02-21,Wright,7,ESCF
doc_00240,2017-09-19,2020-01-22,Wright,7,NSCF
doc_01085,2017-09-23,2019-12-18,Hamilton,2,WSCF
doc_00800,2017-10-01,2019-01-21,Jefferson,3,NSCF
doc_01037,2017-10-09,2021-01-14,Washington,1,WSCF
doc_01165,2017-10-10,2019-12-13,Jefferson,3,ESCF
doc_01390,2017-10-11,2018-10-22,Orleans,6,WSCF
doc_00252,2017-10-11,2019-12-02,Jefferson,3,WSCF
doc_00395,2017-10-12,2020-01-15,Madison,5,NSCF
doc_01329,2017-10-16,2020-05-28,Wright,7,ESCF
doc_00815,2017-10-21,2020-12-04,Wright,7,NSCF
doc_00942,2017-10-25,2019-06-06,Wright,7,NSCF
doc_01274,2017-10-25,2021-04-14,Wright,7,SWSCF
doc_00933,2017-10-31,2019-12-16,Orleans,6,WSCF
doc_00713,2017-11-02,2020-09-28,Jefferson,3,ESCF
doc_00229,2017-11-05,2021-04-23,Adams,4,NSCF
doc_00057,2017-11-06,2020-06-30,Jefferson,3,SWSCF
doc_00831,2017-11-08,2019-09-09,Wright,7,WSCF
doc_01065,2017-11-11,2021-04-29,Washington,1,SWSCF
doc_01130,2017-11-14,2021-06-06,Wright,7,NSCF
doc_01292,2017-11-20,2021-03-07,Jefferson,3,WSCF
doc_00846,2017-11-21,2020-12-07,Jefferson,3,WSCF
doc_00039,2017-11-24,2019-09-16,Jefferson,3,ESCF
doc_00950,2017-11-27,2019-04-21,Jefferson,3,NSCF
doc_00700,2017-11-30,2019-10-20,Wright,7,SWSCF
doc_00345,2017-12-03,2020-11-04,Wright,7,ESCF
doc_01211,2017-12-08,2020-10-10,Wright,7,NSCF
doc_01090,2017-12-13,2020-08-08,Jefferson,3,WSCF
doc_00276,2017-12-14,2019-05-09,Madison,5,SWSCF
doc_00921,2017-12-18,2019-09-25,Madison,5,ESCF
doc_00767,2017-12-22,2020-01-28,Adams,4,SWSCF
doc_00457,2017-12-22,2020-07-09,Madison,5,ESCF
doc_01234,2017-12-28,2019-08-05,Hamilton,2,SWSCF
doc_00705,2017-12-29,2020-07-25,Washington,1,WSCF
doc_00217,2017-12-31,2019-04-13,Washington,1,ESCF
doc_01103,2018-01-03,2020-10-30,Wright,7,SWSCF
doc_00529,2018-01-06,2019-09-23,Orleans,6,SWSCF
doc_00122,2018-01-06,2020-07-30,Orleans,6,WSCF
doc_00392,2018-01-12,2020-06-09,Jefferson,3,ESCF
doc_00496,2018-01-19,2019-06-26,Madison,5,SWSCF
doc_00925,2018-01-19,2020-02-26,Washington,1,ESCF
doc_01320,2018-02-10,2019-05-05,Washington,1,SWSCF
doc_01202,2018-02-12,2021-01-09,Hamilton,2,WSCF
doc_01189,2018-02-14,2019-11-04,Madison,5,ESCF
doc_00603,2018-02-16,2019-10-24,Madison,5,WSCF
doc_00867,2018-02-17,2020-10-28,Wright,7,ESCF
doc_00962,2018-02-23,2020-12-05,Madison,5,ESCF
doc_00269,2018-02-25,2020-10-28,Washington,1,WSCF
doc_00974,2018-03-04,2019-05-28,Wright,7,ESCF
doc_00737,2018-03-08,2021-07-16,Madison,5,ESCF
doc_00347,2018-03-10,2021-11-06,Adams,4,NSCF
doc_00180,2018-03-11,2020-06-04,Adams,4,WSCF
doc_00986,2018-03-21,NA,Orleans,6,WSCF
doc_00880,2018-03-21,2020-04-05,Wright,7,SWSCF
doc_00918,2018-03-21,2021-06-03,Orleans,6,NSCF
doc_01027,2018-03-25,2020-10-23,Hamilton,2,ESCF
doc_01192,2018-03-30,2019-04-23,Adams,4,NSCF
doc_01298,2018-03-31,NA,Hamilton,2,NSCF
doc_00890,2018-04-01,2020-05-20,Jefferson,3,SWSCF
doc_00689,2018-04-02,2020-07-09,Adams,4,WSCF
doc_00707,2018-04-02,2021-08-31,Wright,7,SWSCF
doc_00291,2018-04-04,2020-05-30,Jefferson,3,NSCF
doc_01168,2018-04-06,2021-05-02,Adams,4,NSCF
doc_01354,2018-04-08,2021-10-20,Wright,7,WSCF
doc_01262,2018-04-10,2021-08-08,Wright,7,WSCF
doc_01125,2018-04-11,2020-02-05,Madison,5,WSCF
doc_00537,2018-04-11,2020-11-07,Washington,1,WSCF
doc_00279,2018-04-14,2021-10-23,Wright,7,ESCF
doc_00309,2018-04-24,NA,Adams,4,NSCF
doc_00393,2018-04-27,2020-08-21,Jefferson,3,ESCF
doc_00926,2018-04-28,2021-11-25,Adams,4,ESCF
doc_01367,2018-05-09,2020-12-22,Hamilton,2,SWSCF
doc_00685,2018-05-12,NA,Orleans,6,WSCF
doc_00593,2018-05-19,NA,Orleans,6,WSCF
doc_00405,2018-05-21,2021-10-08,Hamilton,2,SWSCF
doc_01208,2018-05-24,2019-10-03,Orleans,6,NSCF
doc_01019,2018-05-24,2021-06-05,Adams,4,NSCF
doc_00116,2018-05-29,2020-04-11,Hamilton,2,ESCF
doc_00638,2018-05-29,2021-07-22,Madison,5,SWSCF
doc_00587,2018-05-30,2020-05-03,Jefferson,3,NSCF
doc_00588,2018-05-30,2020-11-04,Hamilton,2,SWSCF
doc_00617,2018-06-08,NA,Hamilton,2,WSCF
doc_00555,2018-06-08,2020-10-09,Washington,1,NSCF
doc_01213,2018-06-08,2021-04-02,Adams,4,WSCF
doc_00954,2018-06-10,2020-03-29,Orleans,6,ESCF
doc_01328,2018-06-14,2021-04-01,Wright,7,NSCF
doc_00047,2018-06-18,2020-07-25,Orleans,6,WSCF
doc_00137,2018-06-23,2019-12-10,Washington,1,ESCF
doc_00849,2018-06-24,2021-07-28,Adams,4,ESCF
doc_01279,2018-06-29,2019-07-20,Hamilton,2,NSCF
doc_01140,2018-06-30,NA,Washington,1,WSCF
doc_00912,2018-07-01,2021-01-01,Orleans,6,WSCF
doc_00176,2018-07-03,2021-01-01,Adams,4,NSCF
doc_01170,2018-07-06,2020-01-09,Adams,4,NSCF
doc_00735,2018-07-08,2021-02-13,Madison,5,NSCF
doc_00774,2018-07-16,2021-03-28,Orleans,6,ESCF
doc_00488,2018-07-16,2021-09-06,Orleans,6,WSCF
doc_00783,2018-07-19,2021-10-18,Adams,4,NSCF
doc_00590,2018-07-21,2021-02-21,Adams,4,SWSCF
doc_00385,2018-07-22,2020-01-07,Wright,7,WSCF
doc_00382,2018-07-25,2020-06-07,Adams,4,ESCF
doc_01300,2018-08-11,2020-01-18,Washington,1,SWSCF
doc_00870,2018-08-15,2021-08-09,Washington,1,ESCF
doc_00310,2018-08-27,2020-07-27,Hamilton,2,WSCF
doc_00263,2018-08-28,2020-11-26,Adams,4,NSCF
doc_00080,2018-08-29,2021-06-13,Orleans,6,NSCF
doc_00842,2018-08-30,2021-06-19,Orleans,6,ESCF
doc_01109,2018-09-01,2021-09-03,Orleans,6,ESCF
doc_00818,2018-09-07,2020-03-16,Adams,4,WSCF
doc_00216,2018-09-07,2022-01-21,Washington,1,WSCF
doc_00311,2018-09-13,2022-03-27,Orleans,6,SWSCF
doc_00628,2018-09-15,NA,Hamilton,2,ESCF
doc_01120,2018-09-17,2019-10-25,Wright,7,NSCF
doc_01044,2018-09-19,2021-09-04,Jefferson,3,NSCF
doc_00716,2018-09-22,2020-01-14,Madison,5,WSCF
doc_00538,2018-09-25,2020-09-03,Jefferson,3,NSCF
doc_00245,2018-09-26,2021-01-11,Madison,5,NSCF
doc_00960,2018-09-27,2020-02-02,Washington,1,ESCF
doc_01187,2018-09-28,2022-02-14,Washington,1,WSCF
doc_00001,2018-09-30,NA,Washington,1,ESCF
doc_01330,2018-09-30,2021-07-24,Jefferson,3,NSCF
doc_01321,2018-09-30,2021-08-06,Madison,5,WSCF
doc_00540,2018-09-30,2021-12-30,Washington,1,SWSCF
doc_01196,2018-10-02,2020-06-20,Orleans,6,WSCF
doc_01182,2018-10-02,2021-04-21,Madison,5,SWSCF
doc_01398,2018-10-10,2020-09-10,Wright,7,NSCF
doc_00596,2018-10-16,2019-12-02,Wright,7,ESCF
doc_00371,2018-10-18,2021-10-27,Orleans,6,ESCF
doc_00303,2018-10-22,NA,Orleans,6,NSCF
doc_00406,2018-10-22,2020-05-08,Madison,5,ESCF
doc_00344,2018-11-03,2021-01-01,Madison,5,NSCF
doc_00520,2018-11-03,2021-10-13,Jefferson,3,WSCF
doc_00320,2018-11-05,2021-01-03,Jefferson,3,SWSCF
doc_00634,2018-11-05,2021-10-06,Washington,1,ESCF
doc_00480,2018-11-07,2020-02-01,Adams,4,ESCF
doc_00356,2018-11-08,2020-09-16,Washington,1,NSCF
doc_00745,2018-11-09,2021-07-16,Wright,7,ESCF
doc_01301,2018-11-11,2020-05-23,Madison,5,SWSCF
doc_01094,2018-11-11,2022-06-26,Jefferson,3,ESCF
doc_01201,2018-11-16,2022-07-16,Madison,5,SWSCF
doc_00729,2018-11-20,2020-05-09,Orleans,6,NSCF
doc_00237,2018-11-24,2021-05-18,Washington,1,SWSCF
doc_00807,2018-11-26,2020-02-19,Hamilton,2,WSCF
doc_00764,2018-11-27,2022-06-24,Madison,5,NSCF
doc_00826,2018-12-01,2020-12-26,Washington,1,WSCF
doc_01028,2018-12-02,2020-05-25,Orleans,6,ESCF
doc_01179,2018-12-06,2020-04-14,Hamilton,2,SWSCF
doc_00482,2018-12-07,2022-06-14,Jefferson,3,WSCF
doc_01232,2018-12-08,2020-08-22,Orleans,6,WSCF
doc_01272,2018-12-09,2020-01-22,Wright,7,SWSCF
doc_00585,2018-12-10,2022-04-26,Jefferson,3,NSCF
doc_01133,2018-12-12,2021-02-15,Washington,1,WSCF
doc_01396,2018-12-12,2021-04-04,Orleans,6,NSCF
doc_00598,2018-12-17,2020-03-04,Orleans,6,WSCF
doc_01173,2018-12-24,2020-10-07,Hamilton,2,ESCF
doc_00964,2018-12-25,2021-11-09,Jefferson,3,ESCF
doc_00637,2018-12-31,NA,Adams,4,ESCF
doc_00991,2018-12-31,2022-03-14,Wright,7,NSCF
doc_00934,2019-01-08,2022-02-27,Madison,5,ESCF
doc_00021,2019-01-09,2022-01-15,Jefferson,3,ESCF
doc_00765,2019-01-12,2021-08-13,Wright,7,WSCF
doc_00387,2019-01-23,NA,Hamilton,2,ESCF
doc_00171,2019-01-24,2021-04-24,Washington,1,WSCF
doc_00899,2019-01-28,2021-08-18,Wright,7,ESCF
doc_01207,2019-02-01,2021-06-11,Madison,5,SWSCF
doc_00372,2019-02-06,2021-08-10,Orleans,6,WSCF
doc_01016,2019-02-10,2022-08-30,Adams,4,ESCF
doc_00162,2019-02-13,2020-10-16,Washington,1,SWSCF
doc_00483,2019-02-13,2021-12-28,Jefferson,3,NSCF
doc_01393,2019-02-17,2021-03-04,Washington,1,NSCF
doc_00592,2019-02-19,2022-02-18,Madison,5,NSCF
doc_00402,2019-02-24,2021-07-08,Washington,1,NSCF
doc_00093,2019-02-25,2022-08-17,Madison,5,WSCF
doc_00584,2019-03-02,NA,Orleans,6,NSCF
doc_00611,2019-03-09,NA,Hamilton,2,ESCF
doc_00673,2019-03-10,2020-06-17,Wright,7,WSCF
doc_01005,2019-03-19,2021-02-23,Adams,4,NSCF
doc_01097,2019-03-23,2021-08-18,Adams,4,NSCF
doc_00185,2019-03-25,NA,Jefferson,3,ESCF
doc_01339,2019-03-27,2021-07-16,Jefferson,3,SWSCF
doc_01127,2019-03-29,2020-10-12,Wright,7,NSCF
doc_01373,2019-04-02,2020-10-23,Adams,4,SWSCF
doc_00471,2019-04-04,2021-04-28,Madison,5,WSCF
doc_01084,2019-04-10,NA,Washington,1,ESCF
doc_00085,2019-04-11,2022-09-02,Jefferson,3,NSCF
doc_00215,2019-04-13,2022-03-08,Hamilton,2,SWSCF
doc_00156,2019-04-14,2022-09-13,Washington,1,ESCF
doc_01113,2019-04-15,2021-01-01,Hamilton,2,SWSCF
doc_00146,2019-04-15,2021-03-04,Washington,1,WSCF
doc_00545,2019-04-16,2021-06-01,Jefferson,3,WSCF
doc_01270,2019-04-18,2021-05-22,Madison,5,NSCF
doc_01379,2019-04-18,2021-10-08,Wright,7,ESCF
doc_00522,2019-04-19,2022-12-11,Orleans,6,ESCF
doc_00816,2019-04-21,NA,Wright,7,NSCF
doc_00206,2019-04-21,2022-03-10,Hamilton,2,NSCF
doc_00788,2019-04-23,2022-03-02,Adams,4,SWSCF
doc_00519,2019-04-26,2020-05-01,Wright,7,WSCF
doc_00544,2019-04-28,2022-07-30,Wright,7,ESCF
doc_00166,2019-04-29,2022-09-02,Hamilton,2,WSCF
doc_01198,2019-05-04,2022-03-09,Washington,1,WSCF
doc_00997,2019-05-05,NA,Jefferson,3,WSCF
doc_01091,2019-05-16,2020-08-20,Washington,1,WSCF
doc_00850,2019-05-19,2021-03-09,Adams,4,SWSCF
doc_00181,2019-05-21,2022-10-03,Wright,7,SWSCF
doc_00472,2019-05-22,2021-01-27,Jefferson,3,NSCF
doc_00957,2019-05-23,2020-09-11,Madison,5,SWSCF
doc_00230,2019-06-03,2020-07-24,Orleans,6,NSCF
doc_00221,2019-06-04,2020-12-27,Adams,4,NSCF
doc_00462,2019-06-07,2022-09-18,Washington,1,NSCF
doc_01266,2019-06-17,NA,Washington,1,WSCF
doc_01348,2019-06-18,2023-01-09,Wright,7,WSCF
doc_01131,2019-06-20,2020-12-19,Hamilton,2,SWSCF
doc_00074,2019-06-22,2022-07-21,Madison,5,WSCF
doc_01361,2019-06-27,2021-06-17,Madison,5,WSCF
doc_00781,2019-07-03,2022-03-20,Wright,7,ESCF
doc_00755,2019-07-06,2021-11-28,Adams,4,WSCF
doc_01181,2019-07-08,2021-06-09,Hamilton,2,WSCF
doc_00099,2019-07-11,NA,Washington,1,WSCF
doc_00993,2019-07-11,2022-11-06,Madison,5,SWSCF
doc_00389,2019-07-11,2022-12-25,Washington,1,NSCF
doc_00214,2019-07-12,2022-08-30,Adams,4,SWSCF
doc_00262,2019-07-14,2022-02-05,Orleans,6,WSCF
doc_01178,2019-07-16,2020-09-10,Hamilton,2,ESCF
doc_00306,2019-07-17,2022-02-17,Orleans,6,NSCF
doc_00335,2019-07-17,2022-06-01,Hamilton,2,WSCF
doc_01042,2019-07-21,2020-08-14,Orleans,6,NSCF
doc_01087,2019-07-25,2022-06-16,Washington,1,ESCF
doc_00847,2019-07-28,2022-10-12,Washington,1,NSCF
doc_00308,2019-07-29,2021-08-27,Adams,4,SWSCF
doc_00843,2019-07-29,2023-02-13,Jefferson,3,SWSCF
doc_00065,2019-08-06,2021-06-30,Wright,7,ESCF
doc_01031,2019-08-07,2022-02-06,Adams,4,WSCF
doc_00838,2019-08-08,2023-03-23,Washington,1,SWSCF
doc_00394,2019-08-09,2020-10-29,Hamilton,2,ESCF
doc_00390,2019-08-09,2022-12-19,Wright,7,SWSCF
doc_00222,2019-08-10,2021-10-19,Wright,7,WSCF
doc_00882,2019-08-15,2021-03-06,Adams,4,NSCF
doc_01352,2019-08-20,2022-09-05,Wright,7,SWSCF
doc_00174,2019-08-21,NA,Orleans,6,ESCF
doc_00952,2019-08-21,2020-09-30,Orleans,6,ESCF
doc_01010,2019-08-21,2021-12-07,Madison,5,WSCF
doc_00943,2019-08-22,2021-12-05,Hamilton,2,NSCF
doc_00813,2019-08-27,2022-06-04,Adams,4,NSCF
doc_00879,2019-08-29,2022-02-04,Washington,1,ESCF
doc_00148,2019-08-29,2022-12-07,Washington,1,NSCF
doc_00165,2019-08-31,2022-02-05,Hamilton,2,NSCF
doc_01263,2019-09-01,NA,Hamilton,2,WSCF
doc_00416,2019-09-01,2021-12-31,Orleans,6,NSCF
doc_00223,2019-09-01,2022-02-24,Adams,4,ESCF
doc_01012,2019-09-01,2022-11-21,Adams,4,WSCF
doc_00234,2019-09-02,2021-03-11,Madison,5,ESCF
doc_00493,2019-09-03,2022-12-30,Jefferson,3,SWSCF
doc_00056,2019-09-04,2021-10-20,Madison,5,SWSCF
doc_00048,2019-09-05,2021-03-30,Madison,5,WSCF
doc_00602,2019-09-11,2020-10-30,Wright,7,WSCF
doc_00362,2019-09-14,2021-01-23,Jefferson,3,ESCF
doc_00758,2019-09-17,NA,Orleans,6,WSCF
doc_00712,2019-09-17,2022-12-18,Orleans,6,ESCF
doc_00516,2019-09-28,2021-04-27,Wright,7,NSCF
doc_00247,2019-09-29,2022-10-24,Jefferson,3,WSCF
doc_00439,2019-10-01,2023-04-11,Orleans,6,NSCF
doc_00208,2019-10-02,2021-06-09,Madison,5,NSCF
doc_00427,2019-10-03,2023-06-11,Jefferson,3,NSCF
doc_01370,2019-10-04,2021-03-13,Adams,4,SWSCF
doc_00434,2019-10-06,2021-04-07,Jefferson,3,WSCF
doc_00060,2019-10-07,2023-01-09,Hamilton,2,SWSCF
doc_01222,2019-10-08,2022-06-30,Madison,5,SWSCF
doc_00351,2019-10-12,2023-01-07,Jefferson,3,WSCF
doc_00154,2019-10-18,2021-10-15,Jefferson,3,NSCF
doc_00014,2019-10-25,2022-11-21,Washington,1,SWSCF
doc_00715,2019-10-31,2021-07-21,Orleans,6,NSCF
doc_00860,2019-11-04,2022-01-08,Orleans,6,ESCF
doc_00044,2019-11-05,2021-10-23,Adams,4,NSCF
doc_01372,2019-11-05,2023-07-02,Hamilton,2,ESCF
doc_01122,2019-11-07,2022-02-10,Madison,5,NSCF
doc_01277,2019-11-09,2022-04-01,Jefferson,3,ESCF
doc_00580,2019-11-11,2021-01-11,Wright,7,WSCF
doc_00189,2019-11-16,NA,Jefferson,3,ESCF
doc_00313,2019-11-16,2021-02-19,Wright,7,ESCF
doc_00481,2019-11-18,2021-07-17,Jefferson,3,SWSCF
doc_00505,2019-11-20,2022-09-28,Wright,7,WSCF
doc_00944,2019-11-20,2022-12-26,Orleans,6,ESCF
doc_00659,2019-11-21,2022-05-02,Adams,4,ESCF
doc_00550,2019-11-22,2023-07-07,Madison,5,ESCF
doc_01171,2019-11-24,2022-06-24,Jefferson,3,WSCF
doc_00812,2019-11-25,2021-11-20,Washington,1,NSCF
doc_00132,2019-11-26,2022-01-27,Orleans,6,SWSCF
doc_00848,2019-11-28,2022-01-29,Washington,1,ESCF
doc_00314,2019-11-29,2023-01-22,Orleans,6,WSCF
doc_00572,2019-12-05,NA,Jefferson,3,ESCF
doc_01030,2019-12-09,2022-05-14,Washington,1,NSCF
doc_00674,2019-12-11,2021-06-24,Orleans,6,ESCF
doc_01129,2019-12-14,2023-01-25,Washington,1,WSCF
doc_00084,2019-12-18,2023-01-24,Madison,5,SWSCF
doc_00861,2019-12-19,2021-01-09,Hamilton,2,ESCF
doc_00609,2019-12-19,2023-05-05,Madison,5,SWSCF
doc_00499,2019-12-20,2022-05-23,Washington,1,ESCF
doc_01025,2019-12-20,2022-11-02,Washington,1,WSCF
doc_01221,2019-12-29,NA,Hamilton,2,ESCF
doc_00033,2020-01-02,2022-12-04,Adams,4,SWSCF
doc_00442,2020-01-03,2021-12-09,Madison,5,SWSCF
doc_00473,2020-01-04,2022-01-21,Orleans,6,NSCF
doc_00927,2020-01-08,2022-07-03,Jefferson,3,NSCF
doc_01081,2020-01-10,2022-12-01,Adams,4,SWSCF
doc_00906,2020-01-12,2021-08-10,Hamilton,2,NSCF
doc_00010,2020-01-14,2022-03-02,Washington,1,WSCF
doc_00276,2020-01-22,NA,Madison,5,WSCF
doc_00130,2020-01-25,NA,Hamilton,2,NSCF
doc_00459,2020-01-25,2021-07-14,Madison,5,WSCF
doc_00326,2020-01-27,2022-01-17,Washington,1,NSCF
doc_00125,2020-02-04,2023-04-12,Hamilton,2,NSCF
doc_00135,2020-02-08,2022-05-25,Orleans,6,NSCF
doc_01210,2020-02-11,2023-01-16,Adams,4,WSCF
doc_00866,2020-02-11,2023-02-12,Madison,5,SWSCF
doc_01245,2020-02-22,2021-05-23,Madison,5,WSCF
doc_00841,2020-02-23,2022-09-26,Orleans,6,ESCF
doc_01072,2020-02-24,2021-07-25,Wright,7,NSCF
doc_01166,2020-02-25,2022-11-13,Jefferson,3,NSCF
doc_00398,2020-02-28,2022-01-07,Jefferson,3,NSCF
doc_00679,2020-02-28,2023-02-28,Washington,1,WSCF
doc_00862,2020-03-03,2022-01-23,Wright,7,ESCF
doc_01003,2020-03-04,2022-03-21,Hamilton,2,ESCF
doc_00304,2020-03-04,2023-01-07,Adams,4,ESCF
doc_00645,2020-03-05,NA,Adams,4,ESCF
doc_00145,2020-03-06,NA,Adams,4,ESCF
doc_00570,2020-03-09,NA,Jefferson,3,ESCF
doc_00249,2020-03-13,NA,Orleans,6,NSCF
doc_01135,2020-03-19,2022-08-01,Jefferson,3,NSCF
doc_01055,2020-03-20,2021-10-06,Madison,5,NSCF
doc_00250,2020-03-20,2022-10-22,Adams,4,SWSCF
doc_00197,2020-03-25,2022-02-02,Washington,1,SWSCF
doc_00787,2020-03-26,NA,Wright,7,WSCF
doc_00408,2020-03-29,2021-05-02,Washington,1,ESCF
doc_00561,2020-04-01,2023-09-09,Washington,1,NSCF
doc_01317,2020-04-10,NA,Hamilton,2,ESCF
doc_00190,2020-04-11,2022-07-13,Washington,1,ESCF
doc_01143,2020-04-14,2022-07-12,Hamilton,2,NSCF
doc_00490,2020-04-16,2023-10-24,Jefferson,3,ESCF
doc_00432,2020-04-19,2022-10-22,Jefferson,3,NSCF
doc_00448,2020-04-19,2023-08-26,Wright,7,NSCF
doc_00090,2020-04-28,2022-07-02,Washington,1,ESCF
doc_00077,2020-05-04,2022-09-25,Adams,4,NSCF
doc_01217,2020-05-13,2023-09-16,Madison,5,NSCF
doc_01342,2020-05-15,2021-07-03,Hamilton,2,WSCF
doc_00211,2020-05-15,2023-10-15,Hamilton,2,SWSCF
doc_00968,2020-05-17,2023-04-29,Orleans,6,SWSCF
doc_00377,2020-05-20,2023-05-28,Jefferson,3,SWSCF
doc_00687,2020-05-22,2021-07-19,Jefferson,3,WSCF
doc_01106,2020-05-25,NA,Orleans,6,ESCF
doc_00480,2020-05-28,NA,Jefferson,3,ESCF
doc_00676,2020-05-28,2022-06-19,Wright,7,NSCF
doc_00186,2020-05-30,2021-11-23,Adams,4,ESCF
doc_00630,2020-05-30,2022-11-30,Jefferson,3,ESCF
doc_01066,2020-05-31,2023-04-11,Washington,1,WSCF
doc_00031,2020-06-01,2023-03-03,Washington,1,WSCF
doc_01189,2020-06-04,NA,Hamilton,2,WSCF
doc_01394,2020-06-07,2022-06-12,Jefferson,3,WSCF
doc_00339,2020-06-10,2022-10-29,Madison,5,ESCF
doc_00087,2020-06-12,2021-12-08,Jefferson,3,ESCF
doc_01104,2020-06-14,2021-09-04,Madison,5,ESCF
doc_01190,2020-06-26,2021-09-27,Washington,1,NSCF
doc_01309,2020-06-26,2023-04-25,Hamilton,2,SWSCF
doc_00121,2020-06-27,2023-12-26,Washington,1,ESCF
doc_00681,2020-06-29,2023-09-09,Adams,4,WSCF
doc_01077,2020-07-01,2022-01-28,Wright,7,ESCF
doc_00111,2020-07-01,2022-02-04,Adams,4,NSCF
doc_00411,2020-07-02,2023-12-20,Wright,7,SWSCF
doc_01185,2020-07-02,2023-12-26,Jefferson,3,SWSCF
doc_00730,2020-07-08,2021-12-29,Jefferson,3,ESCF
doc_00889,2020-07-08,2023-06-28,Wright,7,WSCF
doc_00871,2020-07-13,2022-01-11,Washington,1,WSCF
doc_01289,2020-07-17,2024-01-14,Washington,1,NSCF
doc_00942,2020-07-18,NA,Hamilton,2,ESCF
doc_01338,2020-07-21,2022-08-08,Adams,4,WSCF
doc_00081,2020-07-22,2023-09-28,Wright,7,SWSCF
doc_00365,2020-07-23,2022-08-30,Wright,7,WSCF
doc_00754,2020-07-27,2023-03-28,Washington,1,WSCF
doc_00518,2020-07-28,2021-09-01,Adams,4,WSCF
doc_00641,2020-08-04,2024-03-28,Wright,7,ESCF
doc_00444,2020-08-07,2023-01-31,Washington,1,SWSCF
doc_01150,2020-08-09,2022-10-03,Adams,4,NSCF
doc_00091,2020-08-11,2021-08-14,Adams,4,ESCF
doc_00793,2020-08-11,2023-09-06,Hamilton,2,ESCF
doc_01294,2020-08-20,2023-09-17,Adams,4,WSCF
doc_00489,2020-08-20,2024-01-01,Adams,4,WSCF
doc_01350,2020-08-21,2022-05-14,Washington,1,SWSCF
doc_00606,2020-08-21,2022-09-21,Orleans,6,ESCF
doc_01331,2020-08-25,2024-03-22,Hamilton,2,SWSCF
doc_00629,2020-08-26,2023-12-24,Jefferson,3,ESCF
doc_01256,2020-08-29,2023-11-12,Hamilton,2,NSCF
doc_01172,2020-09-02,2022-06-19,Adams,4,WSCF
doc_01378,2020-09-02,2023-02-08,Wright,7,ESCF
doc_00703,2020-09-03,2022-02-23,Adams,4,SWSCF
doc_00324,2020-09-05,2023-08-20,Madison,5,SWSCF
doc_00868,2020-09-07,2023-05-06,Orleans,6,ESCF
doc_01355,2020-09-08,NA,Adams,4,NSCF
doc_00043,2020-09-11,2023-07-03,Washington,1,SWSCF
doc_01124,2020-09-20,2024-02-21,Madison,5,SWSCF
doc_00770,2020-09-23,2021-12-17,Hamilton,2,WSCF
doc_01287,2020-09-23,2022-09-15,Washington,1,NSCF
doc_00566,2020-09-23,2023-10-24,Washington,1,WSCF
doc_00931,2020-09-27,2024-04-24,Madison,5,WSCF
doc_00293,2020-10-02,NA,Washington,1,NSCF
doc_01155,2020-10-08,2023-01-22,Orleans,6,ESCF
doc_00502,2020-10-16,2022-02-21,Orleans,6,WSCF
doc_00995,2020-10-16,2022-11-08,Hamilton,2,NSCF
doc_00357,2020-10-18,2023-05-22,Madison,5,SWSCF
doc_00029,2020-10-19,2021-12-30,Jefferson,3,NSCF
doc_00096,2020-10-21,2022-07-25,Washington,1,SWSCF
doc_01312,2020-10-24,2021-11-26,Madison,5,WSCF
doc_00158,2020-10-24,2024-01-08,Wright,7,WSCF
doc_00212,2020-10-26,2023-07-20,Washington,1,SWSCF
doc_00811,2020-10-27,2022-07-31,Washington,1,SWSCF
doc_00385,2020-10-29,NA,Wright,7,WSCF
doc_00274,2020-10-29,2022-04-24,Orleans,6,ESCF
doc_01380,2020-10-30,2024-02-24,Adams,4,ESCF
doc_00426,2020-11-02,2023-05-21,Orleans,6,ESCF
doc_00018,2020-11-06,2022-06-04,Adams,4,WSCF
doc_00757,2020-11-11,NA,Jefferson,3,ESCF
doc_00639,2020-11-13,2023-11-19,Hamilton,2,WSCF
doc_00153,2020-11-14,2022-07-17,Hamilton,2,WSCF
doc_00236,2020-11-17,2022-07-26,Orleans,6,SWSCF
doc_00858,2020-11-18,2022-04-07,Madison,5,ESCF
doc_00694,2020-11-18,2022-09-23,Wright,7,ESCF
doc_00003,2020-11-19,2021-12-28,Wright,7,WSCF
doc_00451,2020-11-22,2022-04-15,Adams,4,NSCF
doc_00232,2020-11-23,2024-04-07,Washington,1,SWSCF
doc_00786,2020-11-25,2022-03-27,Hamilton,2,WSCF
doc_00759,2020-11-28,2023-05-23,Adams,4,WSCF
doc_00167,2020-12-03,2024-02-29,Wright,7,WSCF
doc_00198,2020-12-10,2022-02-21,Hamilton,2,ESCF
doc_01101,2020-12-11,NA,Washington,1,ESCF
doc_00507,2020-12-11,2023-03-20,Orleans,6,WSCF
doc_00110,2020-12-13,2024-04-05,Washington,1,NSCF
doc_00554,2020-12-20,2022-05-09,Orleans,6,NSCF
doc_00599,2020-12-21,2024-01-20,Wright,7,ESCF
doc_00589,2020-12-23,2023-11-29,Wright,7,SWSCF
doc_01080,2020-12-26,2024-05-26,Orleans,6,ESCF
doc_00541,2020-12-29,NA,Hamilton,2,WSCF
doc_00203,2020-12-29,NA,Hamilton,2,ESCF
doc_00349,2020-12-30,2022-08-17,Orleans,6,NSCF
doc_01160,2021-01-04,2024-02-12,Jefferson,3,ESCF
doc_01234,2021-01-05,NA,Adams,4,NSCF
doc_01269,2021-01-05,2024-03-01,Wright,7,WSCF
doc_00941,2021-01-06,NA,Wright,7,WSCF
doc_00959,2021-01-06,2022-05-12,Orleans,6,ESCF
doc_01251,2021-01-07,2022-06-26,Wright,7,SWSCF
doc_01315,2021-01-08,NA,Hamilton,2,NSCF
doc_00310,2021-01-08,NA,Hamilton,2,NSCF
doc_01215,2021-01-10,NA,Wright,7,WSCF
doc_00038,2021-01-14,2023-09-18,Adams,4,SWSCF
doc_00845,2021-01-15,NA,Wright,7,ESCF
doc_00155,2021-01-15,2022-07-01,Wright,7,NSCF
doc_00386,2021-01-15,2024-04-22,Orleans,6,ESCF
doc_01033,2021-01-16,2023-05-24,Madison,5,WSCF
doc_00897,2021-01-17,2023-09-19,Jefferson,3,WSCF
doc_00057,2021-01-18,NA,Wright,7,ESCF
doc_00075,2021-01-18,NA,Madison,5,WSCF
doc_00790,2021-01-19,2022-09-13,Jefferson,3,NSCF
doc_00046,2021-01-19,2023-07-29,Adams,4,ESCF
doc_00338,2021-01-21,2022-12-30,Orleans,6,WSCF
doc_00543,2021-01-21,2023-04-14,Wright,7,SWSCF
doc_00233,2021-01-21,2023-04-27,Washington,1,ESCF
doc_01048,2021-01-22,2023-04-13,Wright,7,SWSCF
doc_00992,2021-01-23,2024-05-22,Madison,5,SWSCF
doc_00663,2021-01-24,2024-09-19,Orleans,6,WSCF
doc_00192,2021-01-29,2022-03-06,Orleans,6,SWSCF
doc_00205,2021-02-03,2024-01-13,Hamilton,2,SWSCF
doc_00917,2021-02-04,2023-03-23,Orleans,6,SWSCF
doc_00883,2021-02-07,2024-03-23,Adams,4,SWSCF
doc_00504,2021-02-10,NA,Orleans,6,NSCF
doc_00967,2021-02-18,2024-08-07,Jefferson,3,WSCF
doc_00419,2021-02-19,2022-11-19,Wright,7,ESCF
doc_01116,2021-03-01,2023-07-20,Washington,1,ESCF
doc_01007,2021-03-05,2022-03-27,Adams,4,NSCF
doc_00990,2021-03-06,2023-04-21,Madison,5,NSCF
doc_00736,2021-03-09,2024-08-17,Madison,5,NSCF
doc_00643,2021-03-10,2023-09-09,Hamilton,2,ESCF
doc_00036,2021-03-10,2024-01-05,Wright,7,ESCF
doc_00984,2021-03-18,2022-11-15,Wright,7,NSCF
doc_00710,2021-03-18,2024-06-29,Orleans,6,SWSCF
doc_01121,2021-03-20,2023-10-12,Washington,1,NSCF
doc_00568,2021-03-20,2024-08-29,Adams,4,NSCF
doc_00002,2021-03-26,2022-09-10,Wright,7,ESCF
doc_00395,2021-03-27,NA,Hamilton,2,WSCF
doc_00275,2021-03-27,2023-01-13,Washington,1,SWSCF
doc_01214,2021-03-27,2023-03-04,Orleans,6,SWSCF
doc_01271,2021-03-28,2023-01-18,Orleans,6,WSCF
doc_00375,2021-04-05,2024-08-05,Jefferson,3,NSCF
doc_01365,2021-04-08,2024-06-11,Adams,4,NSCF
doc_00863,2021-04-18,2023-03-03,Wright,7,ESCF
doc_01296,2021-04-18,2024-01-31,Jefferson,3,NSCF
doc_00196,2021-04-26,2022-06-20,Hamilton,2,ESCF
doc_00875,2021-04-30,2022-12-01,Orleans,6,SWSCF
doc_01357,2021-05-01,NA,Washington,1,ESCF
doc_01040,2021-05-05,2023-09-03,Adams,4,SWSCF
doc_00133,2021-05-06,2023-11-13,Adams,4,SWSCF
doc_00796,2021-05-10,2023-01-05,Washington,1,ESCF
doc_00828,2021-05-10,2023-12-14,Orleans,6,NSCF
doc_00798,2021-05-11,2022-05-29,Madison,5,SWSCF
doc_01329,2021-05-12,NA,Hamilton,2,NSCF
doc_00396,2021-05-14,2022-10-24,Madison,5,ESCF
doc_01000,2021-05-15,2022-06-14,Wright,7,WSCF
doc_01196,2021-05-22,NA,Wright,7,ESCF
doc_00945,2021-05-22,2023-04-08,Hamilton,2,WSCF
doc_00120,2021-05-22,2024-11-05,Washington,1,SWSCF
doc_00573,2021-05-24,NA,Wright,7,ESCF
doc_00051,2021-05-24,2024-06-14,Hamilton,2,SWSCF
doc_00792,2021-05-27,2023-07-01,Madison,5,NSCF
doc_00940,2021-05-31,2023-05-26,Madison,5,SWSCF
doc_01349,2021-06-04,2023-08-17,Washington,1,SWSCF
doc_01257,2021-06-12,2024-02-21,Orleans,6,SWSCF
doc_00116,2021-06-14,NA,Wright,7,NSCF
doc_01107,2021-06-16,NA,Jefferson,3,ESCF
doc_01344,2021-06-16,2023-06-20,Orleans,6,NSCF
doc_00032,2021-06-17,2023-11-11,Madison,5,WSCF
doc_00794,2021-06-19,2023-09-10,Orleans,6,ESCF
doc_00415,2021-06-27,2024-01-18,Hamilton,2,ESCF
doc_00258,2021-06-28,2024-07-13,Jefferson,3,ESCF
doc_00323,2021-07-01,NA,Jefferson,3,WSCF
doc_00530,2021-07-01,2024-07-03,Washington,1,SWSCF
doc_01297,2021-07-02,2022-07-31,Orleans,6,SWSCF
doc_00531,2021-07-04,2024-04-28,Washington,1,SWSCF
doc_00052,2021-07-08,2023-04-14,Jefferson,3,WSCF
doc_00855,2021-07-15,2022-12-25,Jefferson,3,NSCF
doc_00523,2021-07-15,2025-02-17,Adams,4,WSCF
doc_01247,2021-07-17,NA,Jefferson,3,ESCF
doc_00050,2021-07-17,2024-07-01,Jefferson,3,SWSCF
doc_01090,2021-07-21,NA,Hamilton,2,WSCF
doc_01387,2021-07-25,2022-08-07,Hamilton,2,SWSCF
doc_01068,2021-08-08,2022-09-11,Orleans,6,NSCF
doc_00363,2021-08-08,2023-03-29,Orleans,6,WSCF
doc_00688,2021-08-11,NA,Hamilton,2,WSCF
doc_00412,2021-08-12,2023-04-29,Adams,4,ESCF
doc_00485,2021-08-18,2025-04-15,Orleans,6,WSCF
doc_00817,2021-08-21,NA,Hamilton,2,WSCF
doc_01240,2021-08-25,2023-09-20,Orleans,6,NSCF
doc_01188,2021-08-28,2025-04-15,Jefferson,3,NSCF
doc_00320,2021-08-30,NA,Orleans,6,ESCF
doc_00727,2021-09-02,NA,Washington,1,ESCF
doc_00546,2021-09-03,2023-03-20,Wright,7,WSCF
doc_01043,2021-09-04,NA,Jefferson,3,WSCF
doc_00542,2021-09-04,2024-01-03,Madison,5,NSCF
doc_00974,2021-09-07,NA,Jefferson,3,WSCF
doc_00144,2021-09-09,NA,Wright,7,WSCF
doc_00161,2021-09-11,2023-05-31,Washington,1,ESCF
doc_00560,2021-09-15,2024-02-13,Jefferson,3,ESCF
doc_00143,2021-09-19,2025-02-28,Washington,1,SWSCF
doc_01370,2021-09-23,NA,Jefferson,3,ESCF
doc_01096,2021-09-26,2023-02-04,Madison,5,NSCF
doc_01045,2021-09-30,2023-10-11,Adams,4,WSCF
doc_00513,2021-10-08,2023-11-25,Jefferson,3,NSCF
doc_01254,2021-10-10,2024-02-13,Jefferson,3,ESCF
doc_00497,2021-10-10,2024-11-22,Hamilton,2,NSCF
doc_00650,2021-10-13,NA,Wright,7,NSCF
doc_00807,2021-10-15,NA,Madison,5,ESCF
doc_01085,2021-10-22,NA,Adams,4,WSCF
doc_00753,2021-10-24,2024-06-11,Jefferson,3,NSCF
doc_00901,2021-10-30,2023-07-24,Jefferson,3,NSCF
doc_00824,2021-10-31,2023-07-19,Orleans,6,SWSCF
doc_01300,2021-11-01,NA,Washington,1,ESCF
doc_00400,2021-11-02,2023-06-05,Orleans,6,WSCF
doc_00345,2021-11-03,NA,Washington,1,WSCF
doc_00430,2021-11-07,2024-10-04,Adams,4,SWSCF
doc_00509,2021-11-08,NA,Orleans,6,ESCF
doc_01147,2021-11-08,2024-11-25,Madison,5,ESCF
doc_00456,2021-11-09,2023-04-30,Adams,4,NSCF
doc_01253,2021-11-15,2024-01-11,Orleans,6,NSCF
doc_01018,2021-11-16,2025-01-04,Wright,7,NSCF
doc_00076,2021-11-17,2023-07-09,Washington,1,WSCF
doc_01037,2021-11-18,NA,Madison,5,NSCF
doc_00735,2021-11-18,NA,Adams,4,WSCF
doc_01144,2021-11-18,2023-08-21,Washington,1,ESCF
doc_01186,2021-11-23,2024-11-02,Orleans,6,ESCF
doc_00905,2021-11-28,2023-01-14,Orleans,6,ESCF
doc_00176,2021-12-09,NA,Madison,5,WSCF
doc_01330,2021-12-13,NA,Adams,4,ESCF
doc_00055,2021-12-13,NA,Wright,7,NSCF
doc_00204,2021-12-14,2023-12-02,Washington,1,WSCF
doc_00269,2021-12-21,NA,Madison,5,NSCF
doc_01142,2021-12-21,2024-11-11,Hamilton,2,SWSCF
doc_00182,2021-12-22,2025-08-29,Adams,4,SWSCF
doc_01359,2021-12-27,2025-08-02,Washington,1,WSCF
doc_00686,2022-01-03,2024-05-30,Orleans,6,ESCF
doc_00049,2022-01-03,2025-03-12,Wright,7,NSCF
doc_00608,2022-01-05,2025-04-01,Adams,4,SWSCF
doc_00877,2022-01-06,2023-07-20,Wright,7,ESCF
doc_00477,2022-01-10,2024-03-06,Orleans,6,WSCF
doc_00872,2022-01-11,2024-07-30,Orleans,6,ESCF
doc_00438,2022-01-13,2023-10-23,Orleans,6,ESCF
doc_00243,2022-01-18,2023-03-16,Hamilton,2,WSCF
doc_01385,2022-01-20,2024-10-29,Orleans,6,NSCF
doc_00364,2022-01-27,NA,Madison,5,WSCF
doc_01261,2022-01-31,2024-12-21,Madison,5,SWSCF
doc_00115,2022-02-02,2025-09-17,Adams,4,NSCF
doc_00711,2022-02-05,2023-03-18,Adams,4,WSCF
doc_00690,2022-02-06,2023-09-08,Wright,7,SWSCF
doc_01363,2022-02-07,2025-02-05,Washington,1,ESCF
doc_00714,2022-02-08,2023-06-13,Hamilton,2,SWSCF
doc_00476,2022-02-10,2025-06-03,Wright,7,ESCF
doc_01092,2022-02-11,2024-03-02,Jefferson,3,WSCF
doc_01362,2022-02-12,2023-04-01,Hamilton,2,ESCF
doc_01072,2022-02-17,NA,Madison,5,WSCF
doc_01238,2022-02-22,2024-08-29,Wright,7,WSCF
doc_00846,2022-03-06,NA,Hamilton,2,NSCF
doc_00575,2022-03-06,2025-07-15,Jefferson,3,WSCF
doc_00064,2022-03-08,2024-01-25,Orleans,6,SWSCF
doc_00131,2022-03-09,2025-09-10,Adams,4,SWSCF
doc_00595,2022-03-13,2023-06-27,Hamilton,2,NSCF
doc_00445,2022-03-15,2024-04-16,Wright,7,SWSCF
doc_00341,2022-03-18,2023-11-24,Adams,4,NSCF
doc_00549,2022-03-25,2024-05-23,Orleans,6,ESCF
doc_01290,2022-03-25,2024-07-20,Hamilton,2,WSCF
doc_00369,2022-03-26,2023-12-04,Madison,5,WSCF
doc_01193,2022-03-26,2025-09-30,Washington,1,SWSCF
doc_00957,2022-03-27,NA,Wright,7,WSCF
doc_00453,2022-03-29,2024-02-17,Washington,1,ESCF
doc_00035,2022-03-31,2024-01-02,Washington,1,WSCF
doc_01021,2022-03-31,2024-07-08,Orleans,6,SWSCF
doc_01149,2022-04-03,2024-03-03,Adams,4,SWSCF
doc_00019,2022-04-04,2023-11-27,Wright,7,NSCF
doc_00290,2022-04-08,2024-03-17,Adams,4,ESCF
doc_00697,2022-04-11,2023-06-09,Madison,5,ESCF
doc_00751,2022-04-14,2024-05-19,Madison,5,SWSCF
doc_01358,2022-04-16,2024-11-20,Hamilton,2,NSCF
doc_01076,2022-04-20,2024-11-26,Adams,4,WSCF
doc_00805,2022-04-27,2025-12-02,Hamilton,2,WSCF
doc_00899,2022-04-28,NA,Adams,4,ESCF
doc_01374,2022-05-02,2024-12-07,Washington,1,WSCF
doc_00734,2022-05-06,2024-01-27,Jefferson,3,ESCF
doc_00289,2022-05-06,2025-07-10,Adams,4,WSCF
doc_01200,2022-05-11,2025-01-23,Jefferson,3,SWSCF
doc_00691,2022-05-13,2025-12-03,Hamilton,2,ESCF
doc_00188,2022-05-16,2025-08-07,Washington,1,NSCF
doc_00473,2022-05-17,NA,Madison,5,ESCF
doc_01281,2022-05-18,2025-02-16,Orleans,6,WSCF
doc_01125,2022-05-19,NA,Wright,7,WSCF
doc_00087,2022-05-24,NA,Wright,7,ESCF
doc_01318,2022-05-24,2023-08-02,Wright,7,ESCF
doc_00999,2022-05-28,2025-11-08,Orleans,6,WSCF
doc_00326,2022-05-29,NA,Adams,4,WSCF
doc_00615,2022-05-31,2025-11-24,Adams,4,SWSCF
doc_01153,2022-06-07,2024-03-07,Adams,4,WSCF
doc_00775,2022-06-09,2024-05-06,Wright,7,WSCF
doc_00553,2022-06-11,2023-12-20,Madison,5,SWSCF
doc_01055,2022-06-15,NA,Madison,5,ESCF
doc_00653,2022-06-16,2025-08-29,Orleans,6,ESCF
doc_00525,2022-06-22,2024-04-10,Orleans,6,NSCF
doc_01275,2022-06-25,2023-12-06,Wright,7,WSCF
doc_01017,2022-06-29,2025-05-19,Orleans,6,NSCF
doc_00860,2022-07-02,NA,Adams,4,WSCF
doc_00119,2022-07-06,2024-05-10,Hamilton,2,SWSCF
doc_01212,2022-07-06,2025-07-31,Orleans,6,ESCF
doc_00479,2022-07-12,2024-06-29,Madison,5,WSCF
doc_01036,2022-07-19,2024-07-02,Madison,5,WSCF
doc_00880,2022-07-21,NA,Jefferson,3,ESCF
doc_00864,2022-07-22,2023-10-05,Wright,7,NSCF
doc_01341,2022-07-22,2024-10-11,Wright,7,NSCF
doc_01354,2022-07-23,NA,Hamilton,2,ESCF
doc_01133,2022-07-26,NA,Adams,4,WSCF
doc_00502,2022-07-28,NA,Washington,1,NSCF
doc_01071,2022-08-04,NA,Hamilton,2,WSCF
doc_00876,2022-08-08,2023-12-11,Hamilton,2,ESCF
doc_00498,2022-08-08,2025-06-24,Jefferson,3,WSCF
doc_00873,2022-08-09,2025-12-31,Hamilton,2,WSCF
doc_00982,2022-08-19,2025-04-12,Washington,1,WSCF
doc_00551,2022-08-21,2023-10-14,Washington,1,SWSCF
doc_00401,2022-08-24,2024-02-11,Orleans,6,ESCF
doc_01038,2022-08-27,2023-10-27,Orleans,6,NSCF
doc_00103,2022-08-27,2025-07-22,Hamilton,2,NSCF
doc_00601,2022-09-01,2024-05-11,Washington,1,NSCF
doc_00344,2022-09-08,NA,Orleans,6,WSCF
doc_00672,2022-09-08,2023-11-02,Hamilton,2,NSCF
doc_00109,2022-09-08,2025-10-17,Hamilton,2,NSCF
doc_01010,2022-09-10,NA,Madison,5,WSCF
doc_00713,2022-09-11,NA,Hamilton,2,ESCF
doc_00282,2022-09-13,NA,Adams,4,WSCF
doc_01395,2022-09-19,2024-12-27,Wright,7,NSCF
doc_00500,2022-09-21,2025-08-10,Hamilton,2,ESCF
doc_00300,2022-09-21,2026-01-07,Hamilton,2,WSCF
doc_01368,2022-09-24,2025-07-31,Adams,4,WSCF
doc_00506,2022-10-02,2025-04-10,Washington,1,ESCF
doc_00495,2022-10-05,2025-02-24,Wright,7,SWSCF
doc_00259,2022-10-07,2025-04-15,Wright,7,NSCF
doc_01314,2022-10-07,2025-07-29,Jefferson,3,NSCF
doc_01227,2022-10-08,2023-10-20,Washington,1,ESCF
doc_00920,2022-10-08,2025-06-12,Orleans,6,NSCF
doc_01146,2022-10-09,2024-11-12,Washington,1,SWSCF
doc_00468,2022-10-11,2025-01-02,Orleans,6,ESCF
doc_00129,2022-10-14,2024-03-11,Hamilton,2,WSCF
doc_00767,2022-10-16,NA,Hamilton,2,NSCF
doc_00089,2022-10-17,2025-02-11,Hamilton,2,WSCF
doc_01051,2022-10-18,2024-09-09,Hamilton,2,WSCF
doc_01117,2022-10-22,2024-02-10,Washington,1,SWSCF
doc_01267,2022-10-28,2025-04-17,Washington,1,NSCF
doc_00139,2022-11-01,2024-05-18,Madison,5,WSCF
doc_00100,2022-11-06,2025-12-21,Madison,5,WSCF
doc_00548,2022-11-07,2026-01-26,Jefferson,3,WSCF
doc_00674,2022-11-09,NA,Adams,4,NSCF
doc_01278,2022-11-10,2026-03-24,Orleans,6,NSCF
doc_00904,2022-11-11,2025-08-09,Hamilton,2,ESCF
doc_00418,2022-11-11,2026-06-09,Wright,7,NSCF
doc_00833,2022-11-21,2023-12-08,Wright,7,NSCF
doc_00972,2022-11-28,2025-06-16,Orleans,6,SWSCF
doc_00464,2022-11-28,2026-04-07,Adams,4,NSCF
doc_00562,2022-11-29,2024-06-18,Madison,5,NSCF
doc_00086,2022-12-08,2026-04-30,Adams,4,WSCF
doc_00236,2022-12-09,NA,Hamilton,2,WSCF
doc_01211,2022-12-09,NA,Hamilton,2,ESCF
doc_00422,2022-12-19,2025-06-09,Hamilton,2,NSCF
doc_00508,2022-12-20,2024-10-29,Wright,7,ESCF
doc_00071,2022-12-24,2025-12-25,Wright,7,ESCF
doc_00085,2022-12-25,NA,Orleans,6,WSCF
doc_01285,2022-12-26,2024-05-12,Adams,4,SWSCF
doc_00721,2022-12-27,2024-11-20,Madison,5,WSCF
doc_00073,2022-12-29,2024-12-06,Hamilton,2,WSCF
doc_00882,2022-12-31,NA,Wright,7,NSCF
doc_00726,2023-01-04,2025-08-15,Orleans,6,ESCF
doc_01219,2023-01-06,2025-06-01,Hamilton,2,NSCF
doc_00743,2023-01-10,2025-04-10,Jefferson,3,SWSCF
doc_00138,2023-01-24,2025-09-26,Adams,4,WSCF
doc_00869,2023-01-24,2026-01-11,Hamilton,2,NSCF
doc_00127,2023-01-27,2025-04-17,Hamilton,2,WSCF
doc_01176,2023-01-28,2024-03-01,Washington,1,WSCF
doc_01112,2023-01-28,2024-11-11,Washington,1,SWSCF
doc_00512,2023-01-29,2024-11-13,Washington,1,WSCF
doc_00154,2023-01-31,NA,Wright,7,ESCF
doc_00981,2023-01-31,2025-05-25,Hamilton,2,WSCF
doc_01325,2023-02-01,2025-07-04,Washington,1,NSCF
doc_00740,2023-02-03,2026-09-02,Jefferson,3,NSCF
doc_00857,2023-02-13,2026-02-07,Washington,1,NSCF
doc_01006,2023-02-19,2025-05-23,Orleans,6,SWSCF
doc_00102,2023-02-21,2026-03-05,Hamilton,2,WSCF
doc_00724,2023-02-21,2026-10-20,Adams,4,NSCF
doc_00362,2023-02-22,NA,Washington,1,ESCF
doc_00835,2023-02-25,2025-06-05,Hamilton,2,NSCF
doc_00891,2023-02-27,2026-10-14,Orleans,6,ESCF
doc_01005,2023-03-06,NA,Wright,7,WSCF
doc_00591,2023-03-10,2024-06-03,Madison,5,ESCF
doc_00731,2023-03-12,2024-03-24,Wright,7,SWSCF
doc_00003,2023-03-13,NA,Orleans,6,WSCF
doc_00554,2023-03-14,NA,Adams,4,WSCF
doc_01250,2023-03-17,2026-01-24,Madison,5,ESCF
doc_00457,2023-03-20,NA,Jefferson,3,NSCF
doc_00557,2023-03-20,2025-06-08,Orleans,6,NSCF
doc_00070,2023-03-22,2025-02-27,Adams,4,ESCF
doc_00462,2023-03-27,NA,Jefferson,3,NSCF
doc_00579,2023-03-27,2024-08-13,Jefferson,3,NSCF
doc_00248,2023-03-31,2024-11-01,Jefferson,3,NSCF
doc_00424,2023-04-03,2024-12-03,Adams,4,NSCF
doc_00348,2023-04-04,2024-05-03,Madison,5,WSCF
doc_00533,2023-04-10,2026-08-25,Orleans,6,NSCF
doc_00428,2023-04-19,2025-11-06,Washington,1,NSCF
doc_00273,2023-04-20,2026-08-09,Wright,7,ESCF
doc_00005,2023-04-25,2026-11-30,Hamilton,2,ESCF
doc_00725,2023-04-26,2025-03-25,Washington,1,ESCF
doc_00865,2023-04-26,2025-12-13,Wright,7,NSCF
doc_00281,2023-04-28,2026-10-31,Orleans,6,NSCF
doc_00935,2023-04-29,2025-06-28,Jefferson,3,SWSCF
doc_00538,2023-04-30,NA,Washington,1,NSCF
doc_01277,2023-04-30,NA,Orleans,6,NSCF
doc_00694,2023-05-04,NA,Wright,7,ESCF
doc_01148,2023-05-06,2026-10-08,Washington,1,SWSCF
doc_00011,2023-05-08,2026-11-24,Hamilton,2,SWSCF
doc_00251,2023-05-12,2026-10-06,Wright,7,NSCF
doc_00979,2023-05-13,2025-08-13,Adams,4,SWSCF
doc_00184,2023-05-18,2024-11-15,Hamilton,2,ESCF
doc_00929,2023-05-22,2027-01-03,Wright,7,WSCF
doc_00657,2023-05-24,2024-09-29,Adams,4,NSCF
doc_00912,2023-05-27,NA,Madison,5,WSCF
doc_00242,2023-05-29,2027-02-04,Adams,4,NSCF
doc_00023,2023-06-09,2024-06-14,Hamilton,2,NSCF
doc_00374,2023-06-09,2026-07-05,Orleans,6,WSCF
doc_00720,2023-06-13,2025-03-06,Orleans,6,NSCF
doc_00162,2023-06-14,NA,Washington,1,NSCF
doc_00578,2023-06-14,2025-02-11,Adams,4,ESCF
doc_00163,2023-06-14,2025-07-27,Wright,7,WSCF
doc_01274,2023-06-15,NA,Wright,7,NSCF
doc_01134,2023-06-15,2027-01-12,Jefferson,3,ESCF
doc_00044,2023-06-16,NA,Washington,1,ESCF
doc_01056,2023-06-18,2024-10-28,Hamilton,2,SWSCF
doc_00407,2023-06-20,2026-02-18,Orleans,6,WSCF
doc_01295,2023-06-24,2025-08-30,Orleans,6,SWSCF
doc_01337,2023-06-27,2026-02-05,Madison,5,SWSCF
doc_00747,2023-07-04,2026-02-01,Washington,1,ESCF
doc_01020,2023-07-09,2024-08-12,Wright,7,NSCF
doc_01383,2023-07-09,2026-11-13,Adams,4,WSCF
doc_00976,2023-07-29,2026-02-03,Jefferson,3,NSCF
doc_00451,2023-07-30,NA,Madison,5,ESCF
doc_01065,2023-07-31,NA,Hamilton,2,NSCF
doc_00501,2023-08-02,2026-08-10,Orleans,6,ESCF
doc_00894,2023-08-03,2024-09-08,Madison,5,ESCF
doc_00801,2023-08-03,2026-11-26,Washington,1,ESCF
doc_01259,2023-08-05,2026-08-20,Adams,4,SWSCF
doc_00746,2023-08-14,2025-06-01,Wright,7,ESCF
doc_00246,2023-08-14,2026-12-22,Washington,1,SWSCF
doc_00516,2023-08-20,NA,Orleans,6,WSCF
doc_00263,2023-08-21,NA,Adams,4,ESCF
doc_00654,2023-08-21,2025-01-30,Washington,1,WSCF
doc_01159,2023-08-21,2025-06-16,Washington,1,SWSCF
doc_00668,2023-08-22,2026-10-21,Jefferson,3,NSCF
doc_00493,2023-08-24,NA,Wright,7,ESCF
doc_00146,2023-08-25,NA,Jefferson,3,NSCF
doc_00968,2023-08-27,NA,Wright,7,WSCF
doc_00684,2023-08-30,2025-04-03,Madison,5,ESCF
doc_01282,2023-08-30,2026-05-17,Orleans,6,ESCF
doc_00213,2023-09-04,2025-03-15,Jefferson,3,NSCF
doc_00922,2023-09-06,2025-05-10,Orleans,6,NSCF
doc_00098,2023-09-08,2026-03-18,Adams,4,WSCF
doc_00907,2023-09-10,2026-08-09,Washington,1,SWSCF
doc_00447,2023-09-11,2025-12-04,Adams,4,ESCF
doc_00041,2023-09-12,2025-11-25,Hamilton,2,ESCF
doc_00905,2023-09-20,NA,Jefferson,3,ESCF
doc_01286,2023-09-20,2026-08-27,Hamilton,2,WSCF
doc_00677,2023-09-21,2025-05-13,Madison,5,WSCF
doc_00446,2023-09-21,2025-11-05,Washington,1,WSCF
doc_00797,2023-09-23,2026-06-11,Madison,5,NSCF
doc_00715,2023-09-28,NA,Jefferson,3,ESCF
doc_00932,2023-09-28,2024-09-28,Orleans,6,WSCF
doc_01284,2023-09-29,2026-01-14,Adams,4,WSCF
doc_00191,2023-09-29,2027-02-20,Adams,4,SWSCF
doc_00535,2023-10-06,2026-01-19,Jefferson,3,SWSCF
doc_00638,2023-10-10,NA,Madison,5,WSCF
doc_01007,2023-10-11,NA,Jefferson,3,NSCF
doc_01126,2023-10-11,2026-01-26,Madison,5,NSCF
doc_00206,2023-10-16,NA,Wright,7,NSCF
doc_00376,2023-10-16,2026-07-25,Wright,7,ESCF
doc_00238,2023-10-16,2026-08-25,Washington,1,WSCF
doc_00255,2023-10-20,2025-11-11,Orleans,6,ESCF
doc_00020,2023-10-23,2025-11-15,Wright,7,NSCF
doc_00329,2023-10-24,2027-01-11,Wright,7,WSCF
doc_00312,2023-10-31,2026-06-19,Wright,7,SWSCF
doc_00796,2023-11-08,NA,Jefferson,3,WSCF
doc_00015,2023-11-11,2025-04-23,Madison,5,WSCF
doc_00331,2023-11-12,2025-07-05,Madison,5,WSCF
doc_00965,2023-11-16,2025-07-01,Orleans,6,WSCF
doc_00241,2023-11-18,2025-09-26,Wright,7,ESCF
doc_01023,2023-11-19,2026-04-01,Hamilton,2,ESCF
doc_00798,2023-11-21,NA,Orleans,6,NSCF
doc_00723,2023-11-21,2025-01-03,Wright,7,ESCF
doc_01377,2023-12-02,2026-11-29,Jefferson,3,SWSCF
doc_00076,2023-12-03,NA,Orleans,6,WSCF
doc_01391,2023-12-08,2025-12-25,Hamilton,2,SWSCF
doc_01054,2023-12-12,2025-11-17,Hamilton,2,ESCF
doc_01100,2023-12-14,2026-09-04,Washington,1,NSCF
doc_01353,2023-12-21,2027-06-21,Madison,5,NSCF
doc_00253,2023-12-22,2025-08-22,Washington,1,NSCF
doc_00292,2023-12-23,2025-08-09,Adams,4,ESCF
doc_00150,2023-12-24,2026-07-09,Jefferson,3,NSCF
doc_00173,2023-12-26,2026-05-29,Orleans,6,NSCF
doc_00466,2023-12-30,2026-06-30,Washington,1,ESCF
doc_00676,2024-01-01,NA,Jefferson,3,WSCF
doc_00349,2024-01-05,NA,Jefferson,3,NSCF
doc_00592,2024-01-19,NA,Washington,1,ESCF
doc_00712,2024-02-08,NA,Washington,1,NSCF
doc_00926,2024-02-08,NA,Wright,7,WSCF
doc_00111,2024-02-13,NA,Jefferson,3,WSCF
doc_00690,2024-02-15,NA,Adams,4,ESCF
doc_00192,2024-02-16,NA,Orleans,6,NSCF
doc_01297,2024-02-29,NA,Wright,7,WSCF
doc_00993,2024-03-03,NA,Jefferson,3,WSCF
doc_01038,2024-03-10,NA,Hamilton,2,WSCF
doc_00339,2024-03-30,NA,Jefferson,3,WSCF
doc_00181,2024-04-03,NA,Adams,4,NSCF
doc_00812,2024-04-23,NA,Wright,7,ESCF
doc_00499,2024-05-02,NA,Hamilton,2,WSCF
doc_00347,2024-05-08,NA,Jefferson,3,WSCF
doc_00043,2024-05-21,NA,Jefferson,3,WSCF
doc_00121,2024-05-25,NA,Hamilton,2,WSCF
doc_00964,2024-05-28,NA,Hamilton,2,WSCF
doc_00483,2024-05-29,NA,Wright,7,WSCF
doc_00944,2024-06-03,NA,Madison,5,NSCF
doc_00847,2024-06-06,NA,Washington,1,ESCF
doc_00438,2024-06-14,NA,Orleans,6,WSCF
doc_00759,2024-06-18,NA,Hamilton,2,WSCF
doc_00304,2024-07-05,NA,Madison,5,WSCF
doc_00788,2024-07-12,NA,Madison,5,NSCF
doc_00002,2024-07-13,NA,Washington,1,ESCF
doc_00566,2024-07-25,NA,Washington,1,WSCF
doc_00995,2024-08-09,NA,Adams,4,NSCF
doc_00550,2024-08-11,NA,Adams,4,ESCF
doc_00031,2024-08-12,NA,Wright,7,ESCF
doc_00755,2024-08-21,NA,Adams,4,WSCF
doc_01269,2024-08-22,NA,Wright,7,NSCF
doc_01352,2024-08-26,NA,Hamilton,2,WSCF
doc_00549,2024-09-18,NA,Jefferson,3,NSCF
doc_01045,2024-09-26,NA,Wright,7,ESCF
doc_01124,2024-10-07,NA,Madison,5,WSCF
doc_00036,2024-10-17,NA,Orleans,6,WSCF
doc_01087,2024-10-22,NA,Orleans,6,WSCF
doc_01309,2024-10-29,NA,Jefferson,3,NSCF
doc_01135,2024-11-06,NA,Wright,7,NSCF
doc_00215,2024-11-19,NA,Madison,5,NSCF
doc_00505,2024-11-25,NA,Madison,5,WSCF
doc_00158,2024-12-30,NA,Jefferson,3,WSCF
doc_00863,2024-12-31,NA,Madison,5,ESCF
doc_01155,2025-02-05,NA,Orleans,6,WSCF
doc_00775,2025-02-10,NA,Orleans,6,ESCF
doc_00341,2025-02-13,NA,Madison,5,NSCF
doc_00214,2025-02-15,NA,Washington,1,NSCF
doc_00167,2025-04-04,NA,Washington,1,WSCF
doc_00125,2025-04-14,NA,Adams,4,WSCF
doc_00697,2025-04-18,NA,Wright,7,WSCF
doc_01257,2025-04-20,NA,Washington,1,ESCF
doc_00553,2025-04-24,NA,Wright,7,ESCF
doc_01240,2025-05-09,NA,Hamilton,2,NSCF
doc_01080,2025-05-17,NA,Wright,7,NSCF
doc_00426,2025-05-28,NA,Madison,5,ESCF
doc_01166,2025-07-02,NA,Jefferson,3,ESCF
doc_00204,2025-07-08,NA,Hamilton,2,NSCF
doc_00551,2025-07-12,NA,Orleans,6,ESCF
doc_00456,2025-07-14,NA,Orleans,6,ESCF
doc_00448,2025-07-27,NA,Adams,4,ESCF
doc_00479,2025-08-05,NA,Adams,4,ESCF
doc_00872,2025-08-09,NA,Hamilton,2,NSCF
doc_00015,2025-09-13,NA,Adams,4,NSCF
doc_01066,2025-09-21,NA,Madison,5,ESCF
doc_01256,2025-10-06,NA,Hamilton,2,ESCF
doc_01365,2025-11-06,NA,Adams,4,NSCF
doc_00833,2025-12-01,NA,Orleans,6,ESCF
doc_01116,2025-12-04,NA,Washington,1,NSCF
doc_00507,2025-12-04,NA,Orleans,6,NSCF
doc_01341,2025-12-17,NA,Washington,1,WSCF
doc_00979,2025-12-21,NA,Washington,1,NSCF
doc_00119,2026-02-01,NA,Madison,5,WSCF
doc_00904,2026-02-03,NA,Washington,1,ESCF
doc_00643,2026-02-05,NA,Jefferson,3,ESCF
doc_00103,2026-02-16,NA,Washington,1,WSCF
doc_01314,2026-02-22,NA,Washington,1,ESCF
doc_01144,2026-02-26,NA,Washington,1,ESCF
doc_00513,2026-02-28,NA,Washington,1,ESCF
doc_01056,2026-03-14,NA,Jefferson,3,NSCF
doc_01186,2026-03-14,NA,Orleans,6,WSCF
doc_00931,2026-03-20,NA,Hamilton,2,NSCF
doc_00424,2026-04-06,NA,Adams,4,WSCF
doc_00445,2026-04-08,NA,Hamilton,2,NSCF
doc_00864,2026-04-16,NA,Wright,7,NSCF
doc_00038,2026-04-20,NA,Washington,1,WSCF
doc_00639,2026-05-03,NA,Madison,5,WSCF
doc_00747,2026-06-05,NA,Jefferson,3,WSCF
doc_00579,2026-06-08,NA,Hamilton,2,NSCF
doc_00138,2026-06-14,NA,Hamilton,2,WSCF
doc_00663,2026-06-15,NA,Wright,7,ESCF
doc_00050,2026-06-24,NA,Wright,7,NSCF
doc_00568,2026-07-08,NA,Madison,5,NSCF
doc_00109,2026-07-16,NA,Adams,4,ESCF
doc_00508,2026-08-12,NA,Washington,1,NSCF
doc_00615,2026-08-15,NA,Wright,7,NSCF
doc_01359,2026-09-15,NA,Jefferson,3,NSCF
doc_00723,2026-09-15,NA,Adams,4,WSCF
doc_00184,2026-09-16,NA,Adams,4,WSCF
doc_01176,2026-09-16,NA,Madison,5,WSCF
doc_00453,2026-09-16,NA,Madison,5,NSCF
doc_00525,2026-10-16,NA,Wright,7,WSCF
doc_00873,2026-10-21,NA,Orleans,6,WSCF
doc_01278,2026-10-22,NA,Adams,4,ESCF
doc_00920,2026-10-26,NA,Hamilton,2,WSCF
doc_00300,2026-10-27,NA,Washington,1,ESCF
doc_01021,2026-11-13,NA,Wright,7,WSCF
doc_00653,2026-11-25,NA,Hamilton,2,ESCF
doc_01212,2027-01-14,NA,Hamilton,2,NSCF
doc_00418,2027-02-12,NA,Hamilton,2,WSCF
doc_00100,2027-02-21,NA,Jefferson,3,WSCF
doc_00721,2027-03-19,NA,Orleans,6,NSCF
doc_00726,2027-03-20,NA,Madison,5,ESCF
doc_00041,2027-04-01,NA,Hamilton,2,WSCF
doc_01126,2027-04-23,NA,Washington,1,ESCF
doc_00981,2027-05-02,NA,Washington,1,ESCF
doc_00115,2027-05-18,NA,Jefferson,3,NSCF
doc_00131,2027-05-24,NA,Jefferson,3,WSCF
doc_00691,2027-07-01,NA,Hamilton,2,ESCF
doc_01363,2027-07-09,NA,Hamilton,2,ESCF
doc_00476,2027-08-31,NA,Madison,5,ESCF
doc_00668,2027-09-05,NA,Madison,5,NSCF
doc_00743,2027-09-17,NA,Washington,1,ESCF
doc_00253,2027-10-28,NA,Madison,5,ESCF
doc_00011,2027-12-14,NA,Madison,5,WSCF
doc_00857,2028-02-11,NA,Jefferson,3,ESCF
doc_01159,2028-02-29,NA,Madison,5,NSCF
doc_00407,2028-03-15,NA,Orleans,6,NSCF
doc_01100,2028-05-29,NA,Hamilton,2,ESCF
doc_00907,2028-05-31,NA,Orleans,6,ESCF
doc_00273,2028-06-02,NA,Jefferson,3,WSCF
doc_00098,2028-07-22,NA,Jefferson,3,ESCF
doc_01353,2030-01-23,NA,Jefferson,3,WSCF
